<?xml version="1.0" encoding="UTF-8"?>
<installation xmlns="urn:jboss:galleon:provisioning:3.0">
  <feature-pack location="wildfly@maven(org.jboss.universe:community-universe)#21.0.0.Final">
    <default-configs inherit="false"/>
    <packages inherit="false">   
    </packages>
  </feature-pack>
  <feature-pack location="com.absa:amol-aro-wildfly-galleon-pack:1.0.0"/>
   
  <config model="standalone" name="standalone.xml">
    <layers>
	<include name="logging"/>
	<include name="transactions"/>
        <include name="jaxrs"/>
	<include name="microprofile-health"/>
	<include name="microprofile-fault-tolerance"/> 
	<include name="webservices"/>
	<include name="camel"/>
	<exclude name="ejb-lite"/>
	<exclude name="messaging-activemq"/>
	<exclude name="git-history"/>   	
    </layers>
  </config>
 <options>
    <option name="optional-packages" value="passive+"/>
  </options>
</installation>

