<?xml version="1.0" encoding="UTF-8"?>
<jboss-deployment-structure
	xmlns="urn:jboss:deployment-structure:1.2"
	xmlns:xsi="http://www.w3.org/2001/XMLSchema-instance">
	<deployment>
		<dependencies>
			<module name="org.apache.cxf" />
			<module name="org.apache.cxf.impl" />
			<module name="javax.wsdl4j.api" />
			<module name="javax.jws.api" />
		</dependencies>
		<exclusions>
			<module name="org.apache.commons.logging" />
			<module name="org.apache.log4j" />
			<module name="org.jboss.logging" />
			<module name="org.jboss.logging.jul-to-slf4j-stub" />
			<module name="org.jboss.logmanager" />
			<module name="org.jboss.as.logging" />
			<module name="org.jboss.log4j" />
		</exclusions>
	</deployment>
</jboss-deployment-structure> 
